<aetgt:getResponse xmlns:aetgt="http://schemas.active-endpoints.com/appmodules/repository/2010/10/avrepository.xsd"
                   xmlns:types1="http://schemas.active-endpoints.com/appmodules/repository/2010/10/avrepository.xsd">
   <types1:Item>
      <types1:EntryId>L0jmu6lS01BchMY-gt-867124-2025-03-06T19:28:48.608Z::po.xml</types1:EntryId>
      <types1:Name>muConfigPO</types1:Name>
      <types1:MimeType>application/xml+processobject</types1:MimeType>
      <types1:Description>Settings for the prompt request</types1:Description>
      <types1:AppliesTo/>
      <types1:Tags/>
      <types1:VersionLabel>1.0</types1:VersionLabel>
      <types1:State>CURRENT</types1:State>
      <types1:ProcessGroup/>
      <types1:CreatedBy>muralikmku@gmail.com</types1:CreatedBy>
      <types1:CreationDate>2025-03-06T19:28:49Z</types1:CreationDate>
      <types1:ModifiedBy>muralikmku@gmail.com</types1:ModifiedBy>
      <types1:ModificationDate>2025-03-06T19:29:26Z</types1:ModificationDate>
      <types1:PublicationStatus>unpublished</types1:PublicationStatus>
      <types1:Entry>
         <processObject xmlns="http://schemas.active-endpoints.com/appmodules/screenflow/2011/06/avosHostEnvironment.xsd"
                        displayName="muConfigPO"
                        isByCopy="true"
                        name="muConfigPO">
            <description>Settings for the prompt request</description>
            <tags/>
            <detail>
               <field isAList="false"
                      label="Stop Sequences"
                      name="stopSequences"
                      nullable="true"
                      required="false"
                      type="string">
                  <options/>
               </field>
               <field isAList="false"
                      label="Candidate Count"
                      name="candidateCount"
                      nullable="true"
                      required="false"
                      type="string">
                  <options/>
               </field>
               <field isAList="false"
                      label="Max Output Tokens"
                      name="maxOutputTokens"
                      nullable="true"
                      required="false"
                      type="string">
                  <options/>
               </field>
               <field isAList="false"
                      label="Temperature"
                      name="temperature"
                      nullable="true"
                      required="false"
                      type="string">
                  <options/>
               </field>
               <field isAList="false"
                      label="Top P"
                      name="topP"
                      nullable="true"
                      required="false"
                      type="string">
                  <options/>
               </field>
               <field isAList="false"
                      label="Top K"
                      name="topK"
                      nullable="true"
                      required="false"
                      type="string">
                  <options/>
               </field>
            </detail>
         </processObject>
      </types1:Entry>
      <types1:GUID>e2WjbXe7tsncUDKxJK4fas</types1:GUID>
      <types1:DisplayName>muConfigPO</types1:DisplayName>
   </types1:Item>
   <types1:CurrentServerDateTime>2025-03-12T15:55:41.668Z</types1:CurrentServerDateTime>
</aetgt:getResponse>
