<aetgt:getResponse xmlns:aetgt="http://schemas.active-endpoints.com/appmodules/repository/2010/10/avrepository.xsd"
                   xmlns:types1="http://schemas.active-endpoints.com/appmodules/repository/2010/10/avrepository.xsd">
   <types1:Item>
      <types1:EntryId>VnRN7Y3AxtPk7HN-gt-4801651-2025-03-12T14:30:08.076Z::pd.xml</types1:EntryId>
      <types1:Name>muFileWriterProcess</types1:Name>
      <types1:ParentFlowIds>rUvIw8jIw8jIw8j-gt-210078-2025-03-06T00:40:13.278Z::pd.xml</types1:ParentFlowIds>
      <types1:MimeType>application/xml+process</types1:MimeType>
      <types1:Description/>
      <types1:AppliesTo/>
      <types1:Tags>.agent:DESKTOP-2U63EAT</types1:Tags>
      <types1:VersionLabel>1.0</types1:VersionLabel>
      <types1:State>CURRENT</types1:State>
      <types1:ProcessGroup/>
      <types1:CreatedBy>muralikmku@gmail.com</types1:CreatedBy>
      <types1:CreationDate>2025-03-12T14:30:08Z</types1:CreationDate>
      <types1:ModifiedBy>muralikmku@gmail.com</types1:ModifiedBy>
      <types1:ModificationDate>2025-03-12T14:42:05Z</types1:ModificationDate>
      <types1:PublicationStatus>published</types1:PublicationStatus>
      <types1:PublishedBy>muralikmku@gmail.com</types1:PublishedBy>
      <types1:PublicationDate>2025-03-12T15:04:38Z</types1:PublicationDate>
      <types1:PublishedContributionId>project:/spi.muFileWriterProcess/muFileWriterProcess.pd.xml</types1:PublishedContributionId>
      <types1:Entry>
         <process xmlns="http://schemas.active-endpoints.com/appmodules/screenflow/2010/10/avosScreenflow.xsd"
                  xmlns:tfm="http://schemas.active-endpoints.com/appmodules/screenflow/2021/04/taskflowModel.xsd"
                  xmlns:list="urn:activevos:spi:list:functions"
                  GUID="0UlzOnHWyuubGYlG89UO49"
                  displayName="muFileWriterProcess"
                  name="muFileWriterProcess"
                  overrideAPIName="false"
                  processNamespace="urn:screenflow:process:">
            <parameterSet xmlns="http://schemas.active-endpoints.com/appmodules/screenflow/2021/04/taskflowModel.xsd"/>
            <appliesTo/>
            <description/>
            <tags>.agent:DESKTOP-2U63EAT</tags>
            <generator>Informatica Process Designer 11</generator>
            <input>
               <parameter description=""
                          name="FileContent"
                          required="false"
                          type="string">
                  <options>
                     <option name="required">false</option>
                  </options>
               </parameter>
            </input>
            <tempFields>
               <field description="" name="FileWriter" type="reference">
                  <options>
                     <option name="required">false</option>
                     <option name="referenceTo">muFileWriterConnection:FileWriteTask</option>
                     <option name="guid">cWP1Kuneiw6hZM9Hhbnhcz</option>
                     <option name="isCopy">true</option>
                  </options>
               </field>
            </tempFields>
            <notes/>
            <deployment skipIfRunning="false" suspendOnFault="false" tracingLevel="none">
               <targetLocation>DESKTOP-2U63EAT</targetLocation>
               <rest>
                  <allowAnonymousAccess/>
               </rest>
            </deployment>
            <extData>
               <nvpair name="treatEmptyStringAsNotNull">false</nvpair>
               <nvpair name="treatEmptyStringAsNull">true</nvpair>
               <nvpair name="treatEmptyObjectListAsArray">true</nvpair>
               <nvpair name="treatEmptyObjectListAsNotArray">false</nvpair>
            </extData>
            <flow id="l110a82f8-a68a-4e18-a0de-ddd46ff4da38">
               <start id="uab9e701b-acac-4c10-a8bd-f1c34362d5de">
                  <link id="x21a3b3f5-1659-4fbc-b851-cf1e94e8972c"
                        targetId="a10UlzOnHWyuubGYlG89UO49-Assignment23e909b7-44ef-400b-815d-1782d6508cab"/>
               </start>
               <assignment id="a10UlzOnHWyuubGYlG89UO49-Assignment23e909b7-44ef-400b-815d-1782d6508cab">
                  <title>Assignment 1</title>
                  <operation source="formula" to="temp.FileWriter[1]/fileName">
                     <expression language="XQuery">'test1.json'</expression>
                  </operation>
                  <operation source="field" to="temp.FileWriter[1]/content">input.FileContent</operation>
                  <link id="o7d550409-e7a8-44e1-9c4d-128abc67d522"
                        targetId="a10UlzOnHWyuubGYlG89UO49-Service7a192ca1-a4be-470b-93bb-2068d9a8c225"/>
               </assignment>
               <service id="a10UlzOnHWyuubGYlG89UO49-Service7a192ca1-a4be-470b-93bb-2068d9a8c225">
                  <title>Service</title>
                  <serviceName>muFileWriterConnection:FileWriter</serviceName>
                  <serviceGUID>cWP1Kuneiw6hZM9Hhbnhcz</serviceGUID>
                  <serviceInput>
                     <parameter name="fileWriteTask" source="field">temp.FileWriter</parameter>
                  </serviceInput>
                  <link id="h894e1ba3-3941-4638-80e7-0773a5d1749d"
                        targetId="a10UlzOnHWyuubGYlG89UO49-end-nd9fc8a39-fffc-4f4f-9cc9-bd880dd09f0f"/>
               </service>
               <end id="a10UlzOnHWyuubGYlG89UO49-end-nd9fc8a39-fffc-4f4f-9cc9-bd880dd09f0f">
                  <title>End</title>
               </end>
            </flow>
         </process>
         <ns1:sample-data-sets xmlns:ns1="http://schemas.active-endpoints.com/appmodules/repository/2010/10/sampleData.xsd">
            <ns1:SampleData>
               <ns1:Id>ee40a70c-2a5f-480f-8cd0-cf3e2ee5d667</ns1:Id>
               <ns1:Name>test1</ns1:Name>
               <ns1:CreatedBy>muralikmku@gmail.com</ns1:CreatedBy>
               <ns1:CreationDate>2025-03-12T14:39:20Z</ns1:CreationDate>
               <ns1:ModifiedBy>muralikmku@gmail.com</ns1:ModifiedBy>
               <ns1:ModificationDate>2025-03-12T14:39:22Z</ns1:ModificationDate>
               <ns1:Data format="json">{
    "FileContent": "this is used for testing"
}</ns1:Data>
            </ns1:SampleData>
         </ns1:sample-data-sets>
      </types1:Entry>
      <types1:GUID>0UlzOnHWyuubGYlG89UO49</types1:GUID>
      <types1:DisplayName>muFileWriterProcess</types1:DisplayName>
   </types1:Item>
   <types1:CurrentServerDateTime>2025-03-12T15:55:41.811Z</types1:CurrentServerDateTime>
</aetgt:getResponse>
