<aetgt:getResponse xmlns:aetgt="http://schemas.active-endpoints.com/appmodules/repository/2010/10/avrepository.xsd"
                   xmlns:types1="http://schemas.active-endpoints.com/appmodules/repository/2010/10/avrepository.xsd">
   <types1:Item>
      <types1:EntryId>zckNMZQELaabclv-gt-4779042-2025-03-12T14:28:04.541Z::conn.xml</types1:EntryId>
      <types1:Name>muFileWriterConnection</types1:Name>
      <types1:ParentFlowIds>VnRN7Y3AxtPk7HN-gt-4801651-2025-03-12T14:30:08.076Z::pd.xml</types1:ParentFlowIds>
      <types1:MimeType>application/xml+connection</types1:MimeType>
      <types1:Description/>
      <types1:AppliesTo/>
      <types1:Tags>.agent:DESKTOP-2U63EAT</types1:Tags>
      <types1:VersionLabel>1.0</types1:VersionLabel>
      <types1:State>CURRENT</types1:State>
      <types1:ProcessGroup/>
      <types1:CreatedBy>muralikmku@gmail.com</types1:CreatedBy>
      <types1:CreationDate>2025-03-12T14:28:05Z</types1:CreationDate>
      <types1:ModifiedBy>muralikmku@gmail.com</types1:ModifiedBy>
      <types1:ModificationDate>2025-03-12T14:29:34Z</types1:ModificationDate>
      <types1:PublicationStatus>published</types1:PublicationStatus>
      <types1:PublishedBy>muralikmku@gmail.com</types1:PublishedBy>
      <types1:PublicationDate>2025-03-12T14:29:56Z</types1:PublicationDate>
      <types1:PublishedContributionId>project:/rt.connection/muFileWriterConnection/muFileWriterConnection.conn.xml</types1:PublishedContributionId>
      <types1:Entry>
         <connection xmlns="http://schemas.informatica.com/socrates/data-services/2014/04/avosConnections.xsd"
                     displayName="muFileWriterConnection"
                     label="muFileWriterConnection"
                     name="muFileWriterConnection">
            <description/>
            <tags>.agent:DESKTOP-2U63EAT</tags>
            <agent>DESKTOP-2U63EAT</agent>
            <producers>
               <producer enabled="true" name="FileWriter" typeName="FileWriter">
                  <description>Use this event target to write output to a file.</description>
                  <attributes>
                     <attribute encrypted="false" name="directoryName" value="D:\1GENH\output"/>
                     <attribute encrypted="false" name="fileExist" value="Override"/>
                     <attribute encrypted="false" name="moveExisting" value=""/>
                     <attribute encrypted="false" name="eagerDeleteTargetFile" value="true"/>
                     <attribute encrypted="false" name="tempPrefix" value=""/>
                     <attribute encrypted="false" name="tempFileName" value=""/>
                     <attribute encrypted="false" name="forceWrites" value="true"/>
                     <attribute encrypted="false" name="bufferSize" value=""/>
                     <attribute encrypted="false" name="charset" value=""/>
                  </attributes>
               </producer>
            </producers>
            <javaConnector xmlns="http://schemas.informatica.com/appmodules/screenflow/2014/04/avosConnectors.xsd"
                           agentOnly="true"
                           cloudOnly="false"
                           plugin="Camel"
                           supportsConnectionTest="true"
                           supportsDataPreview="false"
                           supportsOData="false"
                           supportsPublishSkipMetadataRefresh="false"
                           type="File"
                           uuid="ac000300-d9fe-11e4-8830-0800200c9a66">
               <description>Provides connections to file monitoring brokers.</description>
            </javaConnector>
         </connection>
      </types1:Entry>
      <types1:GUID>cWP1Kuneiw6hZM9Hhbnhcz</types1:GUID>
      <types1:DisplayName>muFileWriterConnection</types1:DisplayName>
   </types1:Item>
   <types1:CurrentServerDateTime>2025-03-12T15:55:41.688Z</types1:CurrentServerDateTime>
</aetgt:getResponse>
