{
  "name" : "job-1741794936351",
  "sourceOrgId" : "6dGbCgWtlehlQlh4Rfm5cy",
  "sourceOrgName" : "Capgemini",
  "exportedObjects" : [ {
    "objectGuid" : "kRZFZ5ylvWndd5I4ByMpOC",
    "objectName" : "muGeminiConnection",
    "objectType" : "AI_CONNECTION",
    "path" : "/Explore/Gem_AI_Prompt_Chain",
    "metadata" : {
      "modelVersion" : {
        "major" : 1,
        "minor" : 0
      },
      "repoInfo" : {
        "repoHandle" : "vWMOxBchzt1Y6tM-gt-217481-2025-03-06T01:29:23.343Z::conn.xml"
      },
      "objectRefs" : [ ],
      "contextAttributes" : null,
      "additionalInfo" : {
        "description" : "",
        "contentType" : "application/json; charset=utf-8",
        "documentState" : "VALID"
      }
    }
  }, {
    "objectGuid" : "0UlzOnHWyuubGYlG89UO49",
    "objectName" : "muFileWriterProcess",
    "objectType" : "PROCESS",
    "path" : "/Explore/Gem_AI_Prompt_Chain",
    "metadata" : {
      "modelVersion" : {
        "major" : 1,
        "minor" : 0
      },
      "repoInfo" : {
        "repoHandle" : "VnRN7Y3AxtPk7HN-gt-4801651-2025-03-12T14:30:08.076Z::pd.xml"
      },
      "objectRefs" : [ "cWP1Kuneiw6hZM9Hhbnhcz" ],
      "contextAttributes" : null,
      "additionalInfo" : {
        "description" : "",
        "contentType" : "application/json; charset=utf-8",
        "documentState" : "INVALID"
      }
    }
  }, {
    "objectGuid" : "0oRZfN85OomfGatbSrhzKs",
    "objectName" : "muProcess",
    "objectType" : "PROCESS",
    "path" : "/Explore/Gem_AI_Prompt_Chain",
    "metadata" : {
      "modelVersion" : {
        "major" : 1,
        "minor" : 0
      },
      "repoInfo" : {
        "repoHandle" : "rUvIw8jIw8jIw8j-gt-210078-2025-03-06T00:40:13.278Z::pd.xml"
      },
      "objectRefs" : [ "kRZFZ5ylvWndd5I4ByMpOC", "0UlzOnHWyuubGYlG89UO49", "e2WjbXe7tsncUDKxJK4fas" ],
      "contextAttributes" : null,
      "additionalInfo" : {
        "description" : "The process chains the prompts together and resolves them in the sequence in which they're provided. Chaining of these prompts augments the ability of the language model being used to deliver a highly curated response.",
        "contentType" : "application/json; charset=utf-8",
        "documentState" : "VALID"
      }
    }
  }, {
    "objectGuid" : "57GUjsnJwjtewcXPKcwGiT",
    "objectName" : "Gem_AI_Prompt_Chain",
    "objectType" : "Project",
    "path" : "/Explore",
    "metadata" : {
      "modelVersion" : {
        "major" : 0,
        "minor" : 0
      },
      "repoInfo" : null,
      "objectRefs" : [ ],
      "contextAttributes" : [ ],
      "additionalInfo" : {
        "description" : "",
        "contentType" : "Binary",
        "documentState" : "COMPLETE"
      }
    }
  }, {
    "objectGuid" : "cWP1Kuneiw6hZM9Hhbnhcz",
    "objectName" : "muFileWriterConnection",
    "objectType" : "AI_CONNECTION",
    "path" : "/Explore/Gem_AI_Prompt_Chain",
    "metadata" : {
      "modelVersion" : {
        "major" : 1,
        "minor" : 0
      },
      "repoInfo" : {
        "repoHandle" : "zckNMZQELaabclv-gt-4779042-2025-03-12T14:28:04.541Z::conn.xml"
      },
      "objectRefs" : [ ],
      "contextAttributes" : null,
      "additionalInfo" : {
        "description" : "",
        "contentType" : "application/json; charset=utf-8",
        "documentState" : "VALID"
      }
    }
  }, {
    "objectGuid" : "e2WjbXe7tsncUDKxJK4fas",
    "objectName" : "muConfigPO",
    "objectType" : "PROCESS_OBJECT",
    "path" : "/Explore/Gem_AI_Prompt_Chain",
    "metadata" : {
      "modelVersion" : {
        "major" : 1,
        "minor" : 0
      },
      "repoInfo" : {
        "repoHandle" : "L0jmu6lS01BchMY-gt-867124-2025-03-06T19:28:48.608Z::po.xml"
      },
      "objectRefs" : [ ],
      "contextAttributes" : null,
      "additionalInfo" : {
        "description" : "Settings for the prompt request",
        "contentType" : null,
        "documentState" : "VALID"
      }
    }
  } ]
}